Condition,SplitPerSession,Features,LearningRate,LossFunction,Iterations,Accuracy,Precision,Recall,F-Score,AUC,AverageLogLoss,TrainingLogLoss,HiddenNodes,Momentum,InitialLearningWeightsDiameter
Awake vs Sleep,100,5,0.05,CrossEntropy,28657,0.966342,0.924757,0.879908,0.901775,0.985562,0.137201,70.47132,10,0.03,0.1
Awake vs Sleep,100,5,0.2,SquaredError,28657,0.965126,0.916067,0.882217,0.898824,0.982318,0.219332,52.794928,10,0.03,0.1
Awake vs Sleep,100,5,0.1,CrossEntropy,28657,0.965126,0.922141,0.875289,0.898104,0.984292,0.146622,68.443833,10,0.03,0.1
Awake vs Sleep,100,5,0.1,SquaredError,28657,0.96472,0.957672,0.836028,0.892725,0.979372,0.214892,53.750511,10,0.03,0.1
Awake vs Sleep,100,5,0.01,CrossEntropy,28657,0.963909,0.932161,0.856813,0.8929,0.982996,0.150359,67.639455,10,0.03,0.1
Awake vs Sleep,100,5,0.3,SquaredError,28657,0.963098,0.923267,0.861432,0.891278,0.980493,0.248589,46.498186,10,0.03,0.1
Awake vs Sleep,100,5,0.03,CrossEntropy,28657,0.962287,0.922886,0.856813,0.888623,0.984693,0.171267,63.139683,10,0.03,0.1
Awake vs Sleep,100,5,0.01,SquaredError,28657,0.962287,0.935897,0.842956,0.886999,0.978004,0.15655,66.307068,10,0.03,0.1
Awake vs Sleep,100,5,0.05,CrossEntropy,1597,0.961476,0.954301,0.819861,0.881988,0.982538,0.136747,70.569036,10,0.03,0.1
Awake vs Sleep,100,5,0.1,CrossEntropy,1597,0.961071,0.954178,0.817552,0.880597,0.981776,0.141115,69.629078,10,0.03,0.1
Awake vs Sleep,100,5,0.03,SquaredError,28657,0.961071,0.924433,0.847575,0.884337,0.973945,0.213947,53.953881,10,0.03,0.1
Awake vs Sleep,100,5,0.03,CrossEntropy,1597,0.96026,0.946667,0.819861,0.878713,0.984045,0.134063,71.146731,10,0.03,0.1
Awake vs Sleep,100,5,0.2,CrossEntropy,28657,0.96026,0.903614,0.866051,0.884434,0.978154,0.189524,59.210366,10,0.03,0.1
Awake vs Sleep,100,5,0.3,CrossEntropy,28657,0.959448,0.928021,0.833718,0.878345,0.975793,0.206418,55.574432,10,0.03,0.1
Awake vs Sleep,100,5,0.1,SquaredError,1597,0.959043,0.94385,0.815242,0.874845,0.977808,0.158039,65.986524,10,0.03,0.1
Awake vs Sleep,100,5,0.3,CrossEntropy,1597,0.959043,0.930052,0.829099,0.876679,0.978095,0.16233,65.062998,10,0.03,0.1
Awake vs Sleep,100,5,0.2,CrossEntropy,1597,0.959043,0.941489,0.817552,0.875155,0.97942,0.15529,66.578263,10,0.03,0.1
Awake vs Sleep,100,5,0.05,SquaredError,28657,0.958232,0.906404,0.849885,0.877235,0.971528,0.223598,51.876755,10,0.03,0.1
Awake vs Sleep,100,5,0.05,SquaredError,1597,0.957421,0.945652,0.803695,0.868914,0.97532,0.164267,64.646271,10,0.03,0.1
Awake vs Sleep,100,5,0.03,SquaredError,1597,0.95661,0.940541,0.803695,0.86675,0.978042,0.133018,71.371559,10,0.03,0.1
Awake vs Sleep,100,5,0.2,CrossEntropy,233,0.954988,0.914948,0.819861,0.864799,0.977637,0.154191,66.814651,10,0.03,0.1
Awake vs Sleep,100,5,0.1,CrossEntropy,233,0.954988,0.925926,0.808314,0.863132,0.979076,0.146527,68.464242,10,0.03,0.1
Awake vs Sleep,100,5,0.3,CrossEntropy,233,0.952555,0.907216,0.812933,0.857491,0.977089,0.157659,66.06839,10,0.03,0.1
Awake vs Sleep,100,5,0.1,SquaredError,233,0.952149,0.936288,0.7806,0.851385,0.973409,0.146175,68.540044,10,0.03,0.1
Awake vs Sleep,100,5,0.01,CrossEntropy,1597,0.950527,0.901809,0.806005,0.85122,0.978721,0.143707,69.071049,10,0.03,0.1
Awake vs Sleep,100,5,0.3,SquaredError,1597,0.950527,0.912467,0.794457,0.849383,0.965718,0.221866,52.249561,10,0.03,0.1
Awake vs Sleep,100,5,0.2,SquaredError,1597,0.950122,0.905759,0.799076,0.84908,0.968257,0.21843,52.989004,10,0.03,0.1
Awake vs Sleep,100,5,0.01,SquaredError,1597,0.946472,0.888889,0.794457,0.839024,0.970925,0.154554,66.736543,10,0.03,0.1
Awake vs Sleep,100,5,0.05,CrossEntropy,233,0.94485,0.909091,0.762125,0.829146,0.975382,0.155252,66.586319,10,0.03,0.1
Awake vs Sleep,100,5,0.05,SquaredError,233,0.940795,0.891008,0.755196,0.8175,0.966937,0.17194,62.994761,10,0.03,0.1
Awake vs Sleep,100,5,0.3,SquaredError,233,0.938362,0.866841,0.766744,0.813725,0.961491,0.190841,58.926763,10,0.03,0.1
Awake vs Sleep,100,5,0.2,SquaredError,233,0.934712,0.850515,0.762125,0.803898,0.960154,0.190263,59.051241,10,0.03,0.1
Awake vs Sleep,100,5,0.03,CrossEntropy,233,0.931873,0.890855,0.69746,0.782383,0.966235,0.179922,61.276967,10,0.03,0.1
Awake vs Sleep,100,5,0.01,CrossEntropy,233,0.922141,0.859701,0.665127,0.75,0.953649,0.203585,56.18416,10,0.03,0.1
Awake vs Sleep,100,5,0.03,SquaredError,233,0.899838,0.768786,0.614319,0.682927,0.932072,0.298699,35.713476,10,0.03,0.1
Awake vs Sleep,100,5,0.01,SquaredError,233,0.895377,0.743733,0.616628,0.674242,0.930467,0.30206,34.990048,10,0.03,0.1
Awake vs Sleep,100,5,0.03,CrossEntropy,28657,0.972425,0.966752,0.872979,0.917476,0.987213,0.154096,66.835276,20,0.03,0.1
Awake vs Sleep,100,5,0.1,SquaredError,28657,0.969992,0.949875,0.875289,0.911058,0.984316,0.154579,66.731287,20,0.03,0.1
Awake vs Sleep,100,5,0.1,CrossEntropy,28657,0.96837,0.949367,0.866051,0.905797,0.982544,0.201739,56.581305,20,0.03,0.1
Awake vs Sleep,100,5,0.01,CrossEntropy,28657,0.96837,0.953964,0.861432,0.90534,0.988035,0.129832,72.057287,20,0.03,0.1
Awake vs Sleep,100,5,0.01,SquaredError,28657,0.967559,0.946835,0.863741,0.903382,0.981111,0.140341,69.795466,20,0.03,0.1
Awake vs Sleep,100,5,0.03,SquaredError,28657,0.967153,0.955959,0.852194,0.901099,0.975947,0.169993,63.413701,20,0.03,0.1
Awake vs Sleep,100,5,0.05,SquaredError,28657,0.967153,0.958333,0.849885,0.900857,0.970871,0.21961,52.735133,20,0.03,0.1
Awake vs Sleep,100,5,0.05,CrossEntropy,28657,0.967153,0.933498,0.875289,0.903456,0.98377,0.21925,52.812715,20,0.03,0.1
Awake vs Sleep,100,5,0.2,CrossEntropy,1597,0.96472,0.95288,0.840647,0.893252,0.979921,0.134261,71.104137,20,0.03,0.1
Awake vs Sleep,100,5,0.3,SquaredError,1597,0.963909,0.950262,0.838337,0.890798,0.978171,0.189747,59.162405,20,0.03,0.1
Awake vs Sleep,100,5,0.2,SquaredError,28657,0.963504,0.921376,0.866051,0.892857,0.978963,0.248945,46.421706,20,0.03,0.1
Awake vs Sleep,100,5,0.3,CrossEntropy,28657,0.963504,0.921376,0.866051,0.892857,0.984292,0.208183,55.194508,20,0.03,0.1
Awake vs Sleep,100,5,0.2,SquaredError,1597,0.963098,0.943005,0.840647,0.888889,0.973044,0.197625,57.466858,20,0.03,0.1
Awake vs Sleep,100,5,0.3,SquaredError,28657,0.962693,0.925187,0.856813,0.889688,0.969248,0.39572,14.832333,20,0.03,0.1
Awake vs Sleep,100,5,0.1,CrossEntropy,1597,0.961476,0.961749,0.812933,0.881101,0.980377,0.144678,68.862242,20,0.03,0.1
Awake vs Sleep,100,5,0.2,CrossEntropy,28657,0.960665,0.91791,0.852194,0.883832,0.984688,0.252484,45.659993,20,0.03,0.1
Awake vs Sleep,100,5,0.05,CrossEntropy,1597,0.959854,0.951351,0.812933,0.876712,0.987592,0.120824,73.995988,20,0.03,0.1
Awake vs Sleep,100,5,0.3,CrossEntropy,1597,0.959448,0.944,0.817552,0.876238,0.980493,0.156621,66.291798,20,0.03,0.1
Awake vs Sleep,100,5,0.1,SquaredError,1597,0.958637,0.961003,0.796767,0.871212,0.976132,0.1539,66.87745,20,0.03,0.1
Awake vs Sleep,100,5,0.05,SquaredError,1597,0.958637,0.938992,0.817552,0.874074,0.978493,0.135398,70.859315,20,0.03,0.1
Awake vs Sleep,100,5,0.03,SquaredError,1597,0.957826,0.955679,0.796767,0.869018,0.97926,0.131984,71.594105,20,0.03,0.1
Awake vs Sleep,100,5,0.3,SquaredError,233,0.957015,0.952909,0.794457,0.866499,0.97261,0.166592,64.145693,20,0.03,0.1
Awake vs Sleep,100,5,0.2,SquaredError,233,0.957015,0.965812,0.78291,0.864796,0.97363,0.155287,66.578928,20,0.03,0.1
Awake vs Sleep,100,5,0.2,CrossEntropy,233,0.95661,0.924479,0.819861,0.869033,0.978939,0.150656,67.575575,20,0.03,0.1
Awake vs Sleep,100,5,0.01,CrossEntropy,1597,0.95661,0.955307,0.789838,0.864728,0.977779,0.150339,67.643822,20,0.03,0.1
Awake vs Sleep,100,5,0.03,CrossEntropy,1597,0.954582,0.957265,0.775982,0.857143,0.980652,0.153653,66.930567,20,0.03,0.1
Awake vs Sleep,100,5,0.1,CrossEntropy,233,0.95296,0.970326,0.755196,0.849351,0.979266,0.150597,67.588224,20,0.03,0.1
Awake vs Sleep,100,5,0.05,CrossEntropy,233,0.951744,0.961765,0.755196,0.846054,0.976892,0.155437,66.546669,20,0.03,0.1
Awake vs Sleep,100,5,0.1,SquaredError,233,0.951338,0.933518,0.778291,0.848866,0.974145,0.147422,68.271622,20,0.03,0.1
Awake vs Sleep,100,5,0.01,SquaredError,1597,0.950527,0.912467,0.794457,0.849383,0.972785,0.148215,68.100971,20,0.03,0.1
Awake vs Sleep,100,5,0.3,CrossEntropy,233,0.949716,0.918699,0.78291,0.845387,0.977922,0.152063,67.272827,20,0.03,0.1
Awake vs Sleep,100,5,0.03,CrossEntropy,233,0.949311,0.9375,0.762125,0.840764,0.975274,0.146262,68.521171,20,0.03,0.1
Awake vs Sleep,100,5,0.05,SquaredError,233,0.942011,0.894022,0.759815,0.821473,0.968222,0.165208,64.443588,20,0.03,0.1
Awake vs Sleep,100,5,0.01,CrossEntropy,233,0.933496,0.892128,0.706697,0.78866,0.965733,0.173692,62.617737,20,0.03,0.1
Awake vs Sleep,100,5,0.03,SquaredError,233,0.927413,0.877976,0.681293,0.76723,0.95785,0.19494,58.044593,20,0.03,0.1
Awake vs Sleep,100,5,0.01,SquaredError,233,0.896999,0.754986,0.612009,0.67602,0.930809,0.334259,28.060135,20,0.03,0.1
Awake vs Sleep,100,5,0.1,CrossEntropy,28657,0.969586,0.949749,0.872979,0.909747,0.978863,0.203411,56.221606,30,0.03,0.1
Awake vs Sleep,100,5,0.01,CrossEntropy,28657,0.969586,0.956633,0.866051,0.909091,0.9855,0.158956,65.789294,30,0.03,0.1
Awake vs Sleep,100,5,0.03,SquaredError,28657,0.968775,0.947236,0.87067,0.907341,0.980682,0.176208,62.076095,30,0.03,0.1
Awake vs Sleep,100,5,0.05,CrossEntropy,28657,0.967153,0.946701,0.861432,0.902056,0.981797,0.25362,45.415384,30,0.03,0.1
Awake vs Sleep,100,5,0.01,SquaredError,28657,0.965937,0.950904,0.849885,0.897561,0.978572,0.131073,71.790199,30,0.03,0.1
Awake vs Sleep,100,5,0.3,SquaredError,28657,0.965937,0.97035,0.831409,0.895522,0.983411,0.356517,23.269855,30,0.03,0.1
Awake vs Sleep,100,5,0.05,SquaredError,28657,0.965531,0.930693,0.86836,0.898447,0.982227,0.218309,53.015077,30,0.03,0.1
Awake vs Sleep,100,5,0.1,SquaredError,28657,0.96472,0.948187,0.845266,0.893773,0.956166,0.310807,33.107492,30,0.03,0.1
Awake vs Sleep,100,5,0.3,SquaredError,1597,0.964315,0.950392,0.840647,0.892157,0.983209,0.147421,68.271788,30,0.03,0.1
Awake vs Sleep,100,5,0.05,CrossEntropy,1597,0.963909,0.967391,0.822171,0.888889,0.985158,0.137521,70.402393,30,0.03,0.1
Awake vs Sleep,100,5,0.03,CrossEntropy,28657,0.963909,0.932161,0.856813,0.8929,0.98263,0.261812,43.652396,30,0.03,0.1
Awake vs Sleep,100,5,0.1,CrossEntropy,1597,0.962693,0.964578,0.817552,0.885,0.981022,0.142447,69.342341,30,0.03,0.1
Awake vs Sleep,100,5,0.2,SquaredError,1597,0.961882,0.94723,0.829099,0.884236,0.974957,0.196051,57.805454,30,0.03,0.1
Awake vs Sleep,100,5,0.2,SquaredError,28657,0.961476,0.904306,0.872979,0.888367,0.980011,0.262042,43.602929,30,0.03,0.1
Awake vs Sleep,100,5,0.3,CrossEntropy,1597,0.96026,0.937337,0.829099,0.879902,0.982319,0.143417,69.133456,30,0.03,0.1
Awake vs Sleep,100,5,0.2,CrossEntropy,28657,0.96026,0.919799,0.847575,0.882212,0.9795,0.181951,60.840158,30,0.03,0.1
Awake vs Sleep,100,5,0.05,SquaredError,1597,0.959854,0.956284,0.808314,0.876095,0.979373,0.137946,70.31096,30,0.03,0.1
Awake vs Sleep,100,5,0.2,CrossEntropy,1597,0.959448,0.95122,0.810624,0.875312,0.978552,0.144032,69.001157,30,0.03,0.1
Awake vs Sleep,100,5,0.3,CrossEntropy,28657,0.959043,0.930052,0.829099,0.876679,0.981867,0.234365,49.559594,30,0.03,0.1
Awake vs Sleep,100,5,0.03,CrossEntropy,1597,0.958637,0.953425,0.803695,0.87218,0.98362,0.142391,69.354421,30,0.03,0.1
Awake vs Sleep,100,5,0.1,SquaredError,1597,0.958232,0.936508,0.817552,0.872996,0.974221,0.162239,65.082657,30,0.03,0.1
Awake vs Sleep,100,5,0.3,SquaredError,233,0.957826,0.955679,0.796767,0.869018,0.969912,0.167013,64.055168,30,0.03,0.1
Awake vs Sleep,100,5,0.2,SquaredError,233,0.956204,0.950139,0.792148,0.86398,0.971691,0.164235,64.652975,30,0.03,0.1
Awake vs Sleep,100,5,0.01,CrossEntropy,1597,0.956204,0.965616,0.778291,0.861893,0.978866,0.147893,68.170136,30,0.03,0.1
Awake vs Sleep,100,5,0.03,SquaredError,1597,0.955393,0.932976,0.803695,0.863524,0.976963,0.145192,68.751596,30,0.03,0.1
Awake vs Sleep,100,5,0.2,CrossEntropy,233,0.954177,0.973373,0.759815,0.853437,0.978031,0.150027,67.710983,30,0.03,0.1
Awake vs Sleep,100,5,0.1,CrossEntropy,233,0.952555,0.959302,0.762125,0.849421,0.97781,0.157996,65.995747,30,0.03,0.1
Awake vs Sleep,100,5,0.05,CrossEntropy,233,0.952149,0.961877,0.757506,0.847545,0.976605,0.152851,67.10319,30,0.03,0.1
Awake vs Sleep,100,5,0.03,CrossEntropy,233,0.949311,0.920765,0.778291,0.843554,0.977228,0.141571,69.530867,30,0.03,0.1
Awake vs Sleep,100,5,0.1,SquaredError,233,0.948094,0.913279,0.778291,0.840399,0.970655,0.169495,63.520914,30,0.03,0.1
Awake vs Sleep,100,5,0.01,SquaredError,1597,0.946472,0.899204,0.78291,0.837037,0.97015,0.16111,65.325535,30,0.03,0.1
Awake vs Sleep,100,5,0.05,SquaredError,233,0.943228,0.897019,0.764434,0.825436,0.968457,0.166358,64.196235,30,0.03,0.1
Awake vs Sleep,100,5,0.3,CrossEntropy,233,0.938767,0.881081,0.752887,0.811955,0.970988,0.170164,63.377066,30,0.03,0.1
Awake vs Sleep,100,5,0.01,CrossEntropy,233,0.928629,0.876833,0.690531,0.77261,0.961001,0.18661,59.837511,30,0.03,0.1
Awake vs Sleep,100,5,0.03,SquaredError,233,0.923763,0.870091,0.665127,0.753927,0.95789,0.202445,56.42952,30,0.03,0.1
Awake vs Sleep,100,5,0.01,SquaredError,233,0.896594,0.754286,0.6097,0.67433,0.930887,0.347457,25.219752,30,0.03,0.1
Awake vs Sleep,100,5,0.03,SquaredError,28657,0.968775,0.95641,0.861432,0.90644,0.981216,0.155746,66.48007,30,0.03,0.2
Awake vs Sleep,100,5,0.1,SquaredError,28657,0.96837,0.944862,0.87067,0.90625,0.981281,0.165915,64.29158,30,0.03,0.2
Awake vs Sleep,100,5,0.05,SquaredError,28657,0.967559,0.951407,0.859122,0.902913,0.981183,0.204491,55.989125,30,0.03,0.2
Awake vs Sleep,100,5,0.3,CrossEntropy,28657,0.967559,0.925301,0.886836,0.90566,0.985,0.268163,42.285479,30,0.03,0.2
Awake vs Sleep,100,5,0.03,CrossEntropy,28657,0.967559,0.946835,0.863741,0.903382,0.98535,0.184051,60.388118,30,0.03,0.2
Awake vs Sleep,100,5,0.01,CrossEntropy,28657,0.967559,0.944584,0.866051,0.903614,0.985195,0.169309,63.561033,30,0.03,0.2
Awake vs Sleep,100,5,0.1,CrossEntropy,28657,0.965937,0.928747,0.872979,0.9,0.980811,0.22173,52.278919,30,0.03,0.2
Awake vs Sleep,100,5,0.01,SquaredError,28657,0.964315,0.952756,0.838337,0.891892,0.978641,0.157791,66.039951,30,0.03,0.2
Awake vs Sleep,100,5,0.2,CrossEntropy,28657,0.963504,0.911271,0.877598,0.894118,0.98166,0.174987,62.338988,30,0.03,0.2
Awake vs Sleep,100,5,0.2,SquaredError,28657,0.963504,0.945455,0.840647,0.889976,0.971311,0.217775,53.130061,30,0.03,0.2
Awake vs Sleep,100,5,0.2,SquaredError,1597,0.962287,0.954545,0.82448,0.884758,0.973714,0.158237,65.943862,30,0.03,0.2
Awake vs Sleep,100,5,0.05,CrossEntropy,28657,0.961476,0.933333,0.840647,0.884569,0.981064,0.222661,52.078525,30,0.03,0.2
Awake vs Sleep,100,5,0.3,SquaredError,28657,0.961476,0.940104,0.833718,0.883721,0.977425,0.270089,41.870988,30,0.03,0.2
Awake vs Sleep,100,5,0.03,CrossEntropy,1597,0.961071,0.974648,0.799076,0.878173,0.983522,0.147522,68.249965,30,0.03,0.2
Awake vs Sleep,100,5,0.3,SquaredError,1597,0.961071,0.95664,0.815242,0.880299,0.971082,0.173818,62.590479,30,0.03,0.2
Awake vs Sleep,100,5,0.05,CrossEntropy,1597,0.959854,0.961326,0.803695,0.875472,0.979728,0.140581,69.743885,30,0.03,0.2
Awake vs Sleep,100,5,0.3,CrossEntropy,1597,0.959043,0.94385,0.815242,0.874845,0.979497,0.143634,69.086778,30,0.03,0.2
Awake vs Sleep,100,5,0.1,SquaredError,1597,0.958232,0.95082,0.803695,0.871089,0.976901,0.157585,66.084201,30,0.03,0.2
Awake vs Sleep,100,5,0.03,SquaredError,1597,0.957826,0.953168,0.799076,0.869347,0.978081,0.142271,69.380245,30,0.03,0.2
Awake vs Sleep,100,5,0.05,SquaredError,1597,0.957826,0.950685,0.801386,0.869674,0.978579,0.162079,65.117095,30,0.03,0.2
Awake vs Sleep,100,5,0.3,CrossEntropy,233,0.95661,0.965714,0.7806,0.863346,0.977221,0.150472,67.615247,30,0.03,0.2
Awake vs Sleep,100,5,0.2,CrossEntropy,1597,0.95661,0.952778,0.792148,0.865069,0.980049,0.145319,68.724161,30,0.03,0.2
Awake vs Sleep,100,5,0.3,SquaredError,233,0.956204,0.957746,0.785219,0.862944,0.971574,0.164343,64.629757,30,0.03,0.2
Awake vs Sleep,100,5,0.01,CrossEntropy,1597,0.956204,0.955182,0.787529,0.863291,0.980283,0.144095,68.987648,30,0.03,0.2
Awake vs Sleep,100,5,0.1,CrossEntropy,1597,0.953771,0.967742,0.762125,0.852713,0.978532,0.162415,65.044666,30,0.03,0.2
Awake vs Sleep,100,5,0.2,CrossEntropy,233,0.953366,0.967647,0.759815,0.851229,0.978947,0.145405,68.705587,30,0.03,0.2
Awake vs Sleep,100,5,0.05,CrossEntropy,233,0.952555,0.941341,0.778291,0.852086,0.978215,0.142983,69.226996,30,0.03,0.2
Awake vs Sleep,100,5,0.1,SquaredError,233,0.951744,0.933702,0.7806,0.850314,0.973121,0.152542,67.169538,30,0.03,0.2
Awake vs Sleep,100,5,0.2,SquaredError,233,0.951744,0.915344,0.799076,0.853268,0.971471,0.163083,64.900944,30,0.03,0.2
Awake vs Sleep,100,5,0.03,CrossEntropy,233,0.949716,0.918699,0.78291,0.845387,0.976594,0.142124,69.411915,30,0.03,0.2
Awake vs Sleep,100,5,0.1,CrossEntropy,233,0.9485,0.966463,0.732102,0.833114,0.977033,0.15874,65.835676,30,0.03,0.2
Awake vs Sleep,100,5,0.01,SquaredError,1597,0.948094,0.908847,0.78291,0.841191,0.970244,0.163634,64.782295,30,0.03,0.2
Awake vs Sleep,100,5,0.05,SquaredError,233,0.941606,0.898072,0.752887,0.819095,0.967853,0.168644,63.704242,30,0.03,0.2
Awake vs Sleep,100,5,0.01,CrossEntropy,233,0.926602,0.868421,0.685912,0.766452,0.958534,0.192149,58.645329,30,0.03,0.2
Awake vs Sleep,100,5,0.03,SquaredError,233,0.915653,0.837838,0.644342,0.72846,0.949797,0.238484,48.673071,30,0.03,0.2
Awake vs Sleep,100,5,0.01,SquaredError,233,0.896999,0.754986,0.612009,0.67602,0.930861,0.353056,24.014695,30,0.03,0.2
Awake vs Sleep,100,5,0.03,SquaredError,28657,0.970397,0.947761,0.879908,0.912575,0.984598,0.192735,58.519174,20,0.03,0.2
Awake vs Sleep,100,5,0.05,CrossEntropy,28657,0.969181,0.956522,0.863741,0.907767,0.982524,0.272312,41.39258,20,0.03,0.2
Awake vs Sleep,100,5,0.1,SquaredError,28657,0.967964,0.951531,0.861432,0.904242,0.981022,0.2339,49.659622,20,0.03,0.2
Awake vs Sleep,100,5,0.03,CrossEntropy,28657,0.967559,0.944584,0.866051,0.903614,0.984666,0.209921,54.82049,20,0.03,0.2
Awake vs Sleep,100,5,0.3,CrossEntropy,28657,0.967559,0.91924,0.893764,0.906323,0.987962,0.162189,65.093348,20,0.03,0.2
Awake vs Sleep,100,5,0.3,SquaredError,1597,0.967153,0.955959,0.852194,0.901099,0.977461,0.181538,60.928978,20,0.03,0.2
Awake vs Sleep,100,5,0.05,SquaredError,28657,0.967153,0.937811,0.87067,0.902994,0.982913,0.201432,56.647507,20,0.03,0.2
Awake vs Sleep,100,5,0.1,CrossEntropy,28657,0.967153,0.921053,0.889145,0.904818,0.983321,0.191681,58.74598,20,0.03,0.2
Awake vs Sleep,100,5,0.01,CrossEntropy,28657,0.965531,0.935,0.863741,0.897959,0.984035,0.192057,58.665139,20,0.03,0.2
Awake vs Sleep,100,5,0.3,SquaredError,28657,0.96472,0.919903,0.875289,0.897041,0.979103,0.414773,10.731731,20,0.03,0.2
Awake vs Sleep,100,5,0.2,SquaredError,28657,0.96472,0.926108,0.86836,0.896305,0.977473,0.236919,49.009853,20,0.03,0.2
Awake vs Sleep,100,5,0.03,CrossEntropy,1597,0.964315,0.96496,0.82679,0.890547,0.984183,0.136718,70.575225,20,0.03,0.2
Awake vs Sleep,100,5,0.01,SquaredError,28657,0.963504,0.954907,0.831409,0.888889,0.97462,0.14693,68.37749,20,0.03,0.2
Awake vs Sleep,100,5,0.2,CrossEntropy,1597,0.962693,0.967123,0.815242,0.884712,0.983834,0.146636,68.440769,20,0.03,0.2
Awake vs Sleep,100,5,0.2,CrossEntropy,28657,0.962693,0.906921,0.877598,0.892019,0.979537,0.169295,63.563924,20,0.03,0.2
Awake vs Sleep,100,5,0.2,SquaredError,1597,0.961882,0.937984,0.838337,0.885366,0.973609,0.170292,63.349451,20,0.03,0.2
Awake vs Sleep,100,5,0.1,CrossEntropy,1597,0.96026,0.961433,0.806005,0.876884,0.97982,0.145839,68.612279,20,0.03,0.2
Awake vs Sleep,100,5,0.05,SquaredError,1597,0.96026,0.961433,0.806005,0.876884,0.980347,0.138265,70.242329,20,0.03,0.2
Awake vs Sleep,100,5,0.3,CrossEntropy,1597,0.96026,0.949062,0.817552,0.878412,0.981629,0.153974,66.861535,20,0.03,0.2
Awake vs Sleep,100,5,0.1,SquaredError,1597,0.959043,0.958564,0.801386,0.872956,0.976503,0.161372,65.26933,20,0.03,0.2
Awake vs Sleep,100,5,0.05,CrossEntropy,1597,0.957826,0.96338,0.789838,0.86802,0.982304,0.157395,66.125078,20,0.03,0.2
Awake vs Sleep,100,5,0.3,SquaredError,233,0.957421,0.960674,0.789838,0.86692,0.972957,0.16694,64.070863,20,0.03,0.2
Awake vs Sleep,100,5,0.03,SquaredError,1597,0.957015,0.947945,0.799076,0.867168,0.979571,0.130775,71.854409,20,0.03,0.2
Awake vs Sleep,100,5,0.01,CrossEntropy,1597,0.95661,0.957865,0.787529,0.864385,0.978388,0.148747,67.986403,20,0.03,0.2
Awake vs Sleep,100,5,0.2,SquaredError,233,0.954988,0.96,0.775982,0.858238,0.975073,0.156868,66.238505,20,0.03,0.2
Awake vs Sleep,100,5,0.3,CrossEntropy,233,0.953771,0.914286,0.812933,0.860636,0.977875,0.158327,65.924631,20,0.03,0.2
Awake vs Sleep,100,5,0.1,CrossEntropy,233,0.953771,0.962319,0.766744,0.85347,0.975896,0.161672,65.204748,20,0.03,0.2
Awake vs Sleep,100,5,0.05,CrossEntropy,233,0.95296,0.956772,0.766744,0.851282,0.977001,0.154122,66.829613,20,0.03,0.2
Awake vs Sleep,100,5,0.2,CrossEntropy,233,0.952149,0.972973,0.748268,0.845953,0.977111,0.156661,66.283211,20,0.03,0.2
Awake vs Sleep,100,5,0.03,CrossEntropy,233,0.950933,0.938202,0.771363,0.846641,0.975849,0.144379,68.926485,20,0.03,0.2
Awake vs Sleep,100,5,0.1,SquaredError,233,0.948094,0.913279,0.778291,0.840399,0.972469,0.157449,66.113561,20,0.03,0.2
Awake vs Sleep,100,5,0.01,SquaredError,1597,0.947689,0.897906,0.792148,0.841718,0.970242,0.161819,65.173099,20,0.03,0.2
Awake vs Sleep,100,5,0.05,SquaredError,233,0.943633,0.901639,0.762125,0.826033,0.969476,0.16349,64.813432,20,0.03,0.2
Awake vs Sleep,100,5,0.01,CrossEntropy,233,0.93309,0.889535,0.706697,0.787645,0.96494,0.176038,62.112778,20,0.03,0.2
Awake vs Sleep,100,5,0.03,SquaredError,233,0.930657,0.892216,0.688222,0.777053,0.962976,0.184904,60.204592,20,0.03,0.2
Awake vs Sleep,100,5,0.01,SquaredError,233,0.897405,0.755682,0.614319,0.677707,0.93088,0.338652,27.114806,20,0.03,0.2
Awake vs Sleep,100,5,0.03,SquaredError,28657,0.969992,0.966234,0.859122,0.909535,0.97522,0.160359,65.487339,10,0.03,0.2
Awake vs Sleep,100,5,0.05,CrossEntropy,28657,0.965937,0.928747,0.872979,0.9,0.984565,0.163642,64.780571,10,0.03,0.2
Awake vs Sleep,100,5,0.03,CrossEntropy,28657,0.96472,0.934673,0.859122,0.895307,0.981524,0.15219,67.245331,10,0.03,0.2
Awake vs Sleep,100,5,0.05,SquaredError,28657,0.96472,0.934673,0.859122,0.895307,0.978555,0.165995,64.274241,10,0.03,0.2
Awake vs Sleep,100,5,0.01,CrossEntropy,28657,0.96472,0.939086,0.854503,0.8948,0.983453,0.134504,71.051707,10,0.03,0.2
Awake vs Sleep,100,5,0.1,SquaredError,28657,0.964315,0.948052,0.842956,0.892421,0.97707,0.173772,62.600449,10,0.03,0.2
Awake vs Sleep,100,5,0.2,CrossEntropy,28657,0.964315,0.919708,0.872979,0.895735,0.987902,0.146555,68.458181,10,0.03,0.2
Awake vs Sleep,100,5,0.01,SquaredError,28657,0.963909,0.938776,0.849885,0.892121,0.977911,0.164762,64.539584,10,0.03,0.2
Awake vs Sleep,100,5,0.2,SquaredError,1597,0.963504,0.950131,0.836028,0.889435,0.979448,0.147109,68.33904,10,0.03,0.2
Awake vs Sleep,100,5,0.2,SquaredError,28657,0.961882,0.929114,0.847575,0.886473,0.9743,0.309683,33.349386,10,0.03,0.2
Awake vs Sleep,100,5,0.05,CrossEntropy,1597,0.961476,0.94709,0.82679,0.882861,0.983704,0.135601,70.815805,10,0.03,0.2
Awake vs Sleep,100,5,0.3,SquaredError,28657,0.960665,0.91791,0.852194,0.883832,0.978716,0.256439,44.808823,10,0.03,0.2
Awake vs Sleep,100,5,0.1,CrossEntropy,1597,0.959854,0.956284,0.808314,0.876095,0.978804,0.140833,69.689778,10,0.03,0.2
Awake vs Sleep,100,5,0.3,CrossEntropy,28657,0.959854,0.928205,0.836028,0.879708,0.971434,0.196205,57.772409,10,0.03,0.2
Awake vs Sleep,100,5,0.05,SquaredError,1597,0.959448,0.953678,0.808314,0.875,0.977119,0.156479,66.322235,10,0.03,0.2
Awake vs Sleep,100,5,0.2,CrossEntropy,1597,0.959448,0.939314,0.822171,0.876847,0.979656,0.152138,67.256565,10,0.03,0.2
Awake vs Sleep,100,5,0.03,SquaredError,1597,0.959043,0.956044,0.803695,0.873275,0.979161,0.13053,71.907079,10,0.03,0.2
Awake vs Sleep,100,5,0.3,CrossEntropy,1597,0.959043,0.941489,0.817552,0.875155,0.979284,0.158221,65.947302,10,0.03,0.2
Awake vs Sleep,100,5,0.1,SquaredError,1597,0.958232,0.94837,0.806005,0.871411,0.978714,0.14606,68.564699,10,0.03,0.2
Awake vs Sleep,100,5,0.3,SquaredError,233,0.957421,0.979532,0.773672,0.864516,0.975831,0.160676,65.419024,10,0.03,0.2
Awake vs Sleep,100,5,0.2,SquaredError,233,0.955393,0.968116,0.771363,0.858612,0.97451,0.158579,65.870348,10,0.03,0.2
Awake vs Sleep,100,5,0.2,CrossEntropy,233,0.954582,0.912596,0.819861,0.863747,0.977602,0.155823,66.463555,10,0.03,0.2
Awake vs Sleep,100,5,0.01,CrossEntropy,1597,0.954582,0.934959,0.796767,0.860349,0.979219,0.145288,68.730905,10,0.03,0.2
Awake vs Sleep,100,5,0.1,CrossEntropy,28657,0.954582,0.910486,0.822171,0.864078,0.980608,0.16602,64.268916,10,0.03,0.2
Awake vs Sleep,100,5,0.05,CrossEntropy,233,0.954177,0.957143,0.773672,0.855683,0.97837,0.142386,69.355428,10,0.03,0.2
Awake vs Sleep,100,5,0.1,SquaredError,233,0.953771,0.949296,0.778291,0.85533,0.973912,0.147744,68.202229,10,0.03,0.2
Awake vs Sleep,100,5,0.1,CrossEntropy,233,0.953366,0.951705,0.773672,0.853503,0.978106,0.1488,67.975094,10,0.03,0.2
Awake vs Sleep,100,5,0.03,CrossEntropy,1597,0.95296,0.95942,0.764434,0.8509,0.980018,0.159888,65.588707,10,0.03,0.2
Awake vs Sleep,100,5,0.3,CrossEntropy,233,0.952149,0.926829,0.789838,0.852868,0.978296,0.152647,67.147038,10,0.03,0.2
Awake vs Sleep,100,5,0.03,CrossEntropy,233,0.950527,0.938028,0.769053,0.845178,0.973028,0.153243,67.018833,10,0.03,0.2
Awake vs Sleep,100,5,0.3,SquaredError,1597,0.947283,0.887468,0.801386,0.842233,0.965667,0.215874,53.539307,10,0.03,0.2
Awake vs Sleep,100,5,0.01,SquaredError,1597,0.942011,0.902778,0.750577,0.819672,0.965385,0.172366,62.90304,10,0.03,0.2
Awake vs Sleep,100,5,0.05,SquaredError,233,0.941606,0.889488,0.762125,0.820896,0.968647,0.169415,63.538116,10,0.03,0.2
Awake vs Sleep,100,5,0.01,CrossEntropy,233,0.924169,0.861765,0.676674,0.758085,0.954667,0.201282,56.679676,10,0.03,0.2
Awake vs Sleep,100,5,0.03,SquaredError,233,0.909165,0.813814,0.625866,0.707572,0.944306,0.247852,46.65675,10,0.03,0.2
Awake vs Sleep,100,5,0.01,SquaredError,233,0.896999,0.7507,0.618938,0.678481,0.930674,0.309618,33.363489,10,0.03,0.2
Awake vs Sleep,100,5,0.03,CrossEntropy,28657,0.967559,0.944584,0.866051,0.903614,0.983234,0.227162,51.109814,20,0.1,0.2
Awake vs Sleep,100,5,0.1,SquaredError,28657,0.967153,0.94898,0.859122,0.901818,0.974709,0.285625,38.527239,20,0.1,0.2
Awake vs Sleep,100,5,0.01,CrossEntropy,28657,0.966748,0.944304,0.861432,0.900966,0.982878,0.198663,57.243381,20,0.1,0.2
Awake vs Sleep,100,5,0.03,SquaredError,28657,0.965937,0.950904,0.849885,0.897561,0.967178,0.221781,52.267819,20,0.1,0.2
Awake vs Sleep,100,5,0.05,SquaredError,28657,0.965531,0.950777,0.847575,0.896215,0.980249,0.20096,56.749067,20,0.1,0.2
Awake vs Sleep,100,5,0.01,SquaredError,28657,0.965531,0.955497,0.842956,0.895706,0.984523,0.125273,73.038418,20,0.1,0.2
Awake vs Sleep,100,5,0.05,CrossEntropy,28657,0.965126,0.930521,0.866051,0.897129,0.983618,0.196112,57.792477,20,0.1,0.2
Awake vs Sleep,100,5,0.2,CrossEntropy,28657,0.963909,0.923645,0.866051,0.893921,0.982133,0.27936,39.875685,20,0.1,0.2
Awake vs Sleep,100,5,0.2,CrossEntropy,1597,0.962693,0.957105,0.82448,0.885856,0.981114,0.147652,68.221999,20,0.1,0.2
Awake vs Sleep,100,5,0.2,SquaredError,28657,0.962693,0.931646,0.849885,0.888889,0.975781,0.287356,38.154819,20,0.1,0.2
Awake vs Sleep,100,5,0.1,CrossEntropy,28657,0.962287,0.947368,0.831409,0.885609,0.975586,0.210885,54.612956,20,0.1,0.2
Awake vs Sleep,100,5,0.3,CrossEntropy,1597,0.961882,0.944882,0.831409,0.884521,0.980476,0.155345,66.566335,20,0.1,0.2
Awake vs Sleep,100,5,0.2,SquaredError,1597,0.961476,0.942408,0.831409,0.883436,0.974614,0.183066,60.600229,20,0.1,0.2
Awake vs Sleep,100,5,0.03,CrossEntropy,1597,0.961476,0.969444,0.806005,0.880202,0.983542,0.146642,68.439444,20,0.1,0.2
Awake vs Sleep,100,5,0.3,SquaredError,1597,0.961476,0.931122,0.842956,0.884848,0.968793,0.28023,39.688385,20,0.1,0.2
Awake vs Sleep,100,5,0.1,CrossEntropy,1597,0.960665,0.949198,0.819861,0.879802,0.985009,0.120535,74.058279,20,0.1,0.2
Awake vs Sleep,100,5,0.3,SquaredError,28657,0.96026,0.924051,0.842956,0.881643,0.973531,0.448212,3.534984,20,0.1,0.2
Awake vs Sleep,100,5,0.05,SquaredError,1597,0.958637,0.950954,0.806005,0.8725,0.97678,0.165291,64.425879,20,0.1,0.2
Awake vs Sleep,100,5,0.05,CrossEntropy,1597,0.958637,0.961003,0.796767,0.871212,0.980847,0.151207,67.456934,20,0.1,0.2
Awake vs Sleep,100,5,0.01,CrossEntropy,1597,0.958637,0.963585,0.794457,0.870886,0.979698,0.144001,69.007952,20,0.1,0.2
Awake vs Sleep,100,5,0.1,SquaredError,1597,0.958232,0.953297,0.801386,0.870765,0.977318,0.156171,66.388592,20,0.1,0.2
Awake vs Sleep,100,5,0.3,CrossEntropy,28657,0.957421,0.888626,0.866051,0.877193,0.98187,0.157682,66.063507,20,0.1,0.2
Awake vs Sleep,100,5,0.3,SquaredError,233,0.957015,0.957983,0.789838,0.865823,0.972089,0.171781,63.028986,20,0.1,0.2
Awake vs Sleep,100,5,0.03,SquaredError,1597,0.95661,0.950276,0.794457,0.865409,0.980085,0.130713,71.867759,20,0.1,0.2
Awake vs Sleep,100,5,0.2,CrossEntropy,233,0.954988,0.97076,0.766744,0.856774,0.977574,0.14677,68.411998,20,0.1,0.2
Awake vs Sleep,100,5,0.2,SquaredError,233,0.954582,0.959885,0.773672,0.856777,0.974486,0.161314,65.281695,20,0.1,0.2
Awake vs Sleep,100,5,0.03,CrossEntropy,233,0.951338,0.935933,0.775982,0.848485,0.976923,0.14294,69.236126,20,0.1,0.2
Awake vs Sleep,100,5,0.05,CrossEntropy,233,0.951338,0.958944,0.755196,0.844961,0.976159,0.159309,65.713239,20,0.1,0.2
Awake vs Sleep,100,5,0.01,SquaredError,1597,0.950933,0.919355,0.789838,0.849689,0.972865,0.151219,67.45446,20,0.1,0.2
Awake vs Sleep,100,5,0.1,SquaredError,233,0.950527,0.930748,0.775982,0.846348,0.973923,0.148955,67.941668,20,0.1,0.2
Awake vs Sleep,100,5,0.1,CrossEntropy,233,0.950122,0.978395,0.732102,0.837517,0.977443,0.152704,67.134695,20,0.1,0.2
Awake vs Sleep,100,5,0.3,CrossEntropy,233,0.946067,0.983871,0.704388,0.820996,0.973362,0.186029,59.962504,20,0.1,0.2
Awake vs Sleep,100,5,0.05,SquaredError,233,0.943228,0.888594,0.773672,0.82716,0.968577,0.170711,63.259187,20,0.1,0.2
Awake vs Sleep,100,5,0.01,CrossEntropy,233,0.933496,0.887608,0.711316,0.789744,0.966105,0.171923,62.998352,20,0.1,0.2
Awake vs Sleep,100,5,0.03,SquaredError,233,0.927007,0.884498,0.672055,0.76378,0.95922,0.198964,57.178695,20,0.1,0.2
Awake vs Sleep,100,5,0.01,SquaredError,233,0.896999,0.754986,0.612009,0.67602,0.930918,0.342158,26.360187,20,0.1,0.2
Awake vs Sleep,100,5,0.05,CrossEntropy,28657,0.973642,0.962312,0.884527,0.921781,0.985335,0.17284,62.801011,27,0.1,0.2
Awake vs Sleep,100,5,0.3,CrossEntropy,28657,0.969181,0.940741,0.879908,0.909308,0.987241,0.193397,58.376729,27,0.1,0.2
Awake vs Sleep,100,5,0.01,CrossEntropy,28657,0.969181,0.958869,0.861432,0.907543,0.984419,0.16017,65.527868,27,0.1,0.2
Awake vs Sleep,100,5,0.03,CrossEntropy,28657,0.968775,0.947236,0.87067,0.907341,0.983803,0.223535,51.890423,27,0.1,0.2
Awake vs Sleep,100,5,0.05,SquaredError,28657,0.96837,0.940447,0.875289,0.906699,0.98092,0.215309,53.660782,27,0.1,0.2
Awake vs Sleep,100,5,0.3,SquaredError,28657,0.967964,0.9425,0.87067,0.905162,0.981153,0.293436,36.846195,27,0.1,0.2
Awake vs Sleep,100,5,0.01,SquaredError,28657,0.965531,0.948454,0.849885,0.896468,0.973615,0.14833,68.07605,27,0.1,0.2
Awake vs Sleep,100,5,0.05,CrossEntropy,1597,0.965126,0.967655,0.829099,0.893035,0.985556,0.131264,71.749175,27,0.1,0.2
Awake vs Sleep,100,5,0.2,CrossEntropy,28657,0.963909,0.911483,0.879908,0.895417,0.977941,0.183915,60.417518,27,0.1,0.2
Awake vs Sleep,100,5,0.3,SquaredError,1597,0.963909,0.936548,0.852194,0.892382,0.974884,0.248717,46.47077,27,0.1,0.2
Awake vs Sleep,100,5,0.03,SquaredError,28657,0.963504,0.943152,0.842956,0.890244,0.973208,0.218296,53.01798,27,0.1,0.2
Awake vs Sleep,100,5,0.1,CrossEntropy,28657,0.963098,0.929648,0.854503,0.890493,0.981031,0.158689,65.846576,27,0.1,0.2
Awake vs Sleep,100,5,0.03,CrossEntropy,1597,0.961882,0.972145,0.806005,0.881313,0.982769,0.146987,68.365261,27,0.1,0.2
Awake vs Sleep,100,5,0.1,SquaredError,28657,0.961071,0.924433,0.847575,0.884337,0.976273,0.200451,56.858503,27,0.1,0.2
Awake vs Sleep,100,5,0.2,SquaredError,28657,0.960665,0.935233,0.833718,0.881563,0.973504,0.305052,34.346187,27,0.1,0.2
Awake vs Sleep,100,5,0.3,CrossEntropy,1597,0.96026,0.944297,0.822171,0.879012,0.980386,0.141511,69.543654,27,0.1,0.2
Awake vs Sleep,100,5,0.1,CrossEntropy,1597,0.959448,0.953678,0.808314,0.875,0.979199,0.135825,70.767465,27,0.1,0.2
Awake vs Sleep,100,5,0.05,SquaredError,1597,0.959448,0.956164,0.806005,0.874687,0.979765,0.134461,71.060974,27,0.1,0.2
Awake vs Sleep,100,5,0.2,CrossEntropy,1597,0.959448,0.956164,0.806005,0.874687,0.979294,0.147981,68.151358,27,0.1,0.2
Awake vs Sleep,100,5,0.2,SquaredError,1597,0.959043,0.956044,0.803695,0.873275,0.976313,0.148599,68.018271,27,0.1,0.2
Awake vs Sleep,100,5,0.03,SquaredError,1597,0.957826,0.955679,0.796767,0.869018,0.979698,0.132996,71.37636,27,0.1,0.2
Awake vs Sleep,100,5,0.1,SquaredError,1597,0.957826,0.955679,0.796767,0.869018,0.97501,0.154044,66.846439,27,0.1,0.2
Awake vs Sleep,100,5,0.2,SquaredError,233,0.957826,0.96338,0.789838,0.86802,0.97312,0.155656,66.499404,27,0.1,0.2
Awake vs Sleep,100,5,0.01,CrossEntropy,1597,0.95661,0.960452,0.785219,0.864041,0.981531,0.150739,67.557611,27,0.1,0.2
Awake vs Sleep,100,5,0.3,CrossEntropy,233,0.954582,0.912596,0.819861,0.863747,0.977997,0.155276,66.58132,27,0.1,0.2
Awake vs Sleep,100,5,0.05,CrossEntropy,233,0.953366,0.962209,0.764434,0.851995,0.976938,0.154656,66.714644,27,0.1,0.2
Awake vs Sleep,100,5,0.3,SquaredError,233,0.951744,0.910995,0.803695,0.853988,0.968869,0.161992,65.135805,27,0.1,0.2
Awake vs Sleep,100,5,0.2,CrossEntropy,233,0.950122,0.97546,0.734411,0.837945,0.977531,0.156513,66.314945,27,0.1,0.2
Awake vs Sleep,100,5,0.03,CrossEntropy,233,0.949716,0.930362,0.771363,0.843434,0.976148,0.142992,69.224985,27,0.1,0.2
Awake vs Sleep,100,5,0.1,CrossEntropy,233,0.949311,0.972393,0.732102,0.83531,0.976357,0.169345,63.553305,27,0.1,0.2
Awake vs Sleep,100,5,0.1,SquaredError,233,0.948094,0.915531,0.775982,0.84,0.972917,0.155001,66.640361,27,0.1,0.2
Awake vs Sleep,100,5,0.01,SquaredError,1597,0.946878,0.897368,0.787529,0.838868,0.971016,0.158355,65.918595,27,0.1,0.2
Awake vs Sleep,100,5,0.05,SquaredError,233,0.943228,0.892761,0.769053,0.826303,0.968843,0.169269,63.569521,27,0.1,0.2
Awake vs Sleep,100,5,0.01,CrossEntropy,233,0.933901,0.885714,0.715935,0.791826,0.966985,0.169118,63.6022,27,0.1,0.2
Awake vs Sleep,100,5,0.03,SquaredError,233,0.92944,0.884273,0.688222,0.774026,0.961911,0.190693,58.958648,27,0.1,0.2
Awake vs Sleep,100,5,0.01,SquaredError,233,0.897405,0.757143,0.612009,0.676884,0.930922,0.349682,24.740888,27,0.1,0.2
Awake vs Sleep,100,5,0.1,SquaredError,233,0.903082,0.724537,0.722864,0.723699,0.929696,0.239847,48.379616,1,0.1,0.2
Awake vs Sleep,100,5,0.03,SquaredError,1597,0.903082,0.722477,0.727483,0.724971,0.929172,0.245908,47.075329,1,0.1,0.2
Awake vs Sleep,100,5,0.2,SquaredError,233,0.903082,0.721461,0.729792,0.725603,0.929486,0.236615,49.075354,1,0.1,0.2
Awake vs Sleep,100,5,0.01,SquaredError,1597,0.902676,0.729216,0.709007,0.71897,0.930218,0.241062,48.118194,1,0.1,0.2
Awake vs Sleep,100,5,0.3,SquaredError,233,0.902271,0.718182,0.729792,0.72394,0.929583,0.234326,49.567918,1,0.1,0.2
Awake vs Sleep,100,5,0.05,SquaredError,233,0.902271,0.734146,0.69515,0.714116,0.930666,0.24069,48.198232,1,0.1,0.2
Awake vs Sleep,100,5,0.1,SquaredError,28657,0.902271,0.717195,0.732102,0.724571,0.929065,0.236023,49.202625,1,0.1,0.2
Awake vs Sleep,100,5,0.05,SquaredError,1597,0.901865,0.71754,0.727483,0.722477,0.928984,0.246098,47.034423,1,0.1,0.2
Awake vs Sleep,100,5,0.3,SquaredError,1597,0.901865,0.715576,0.732102,0.723744,0.929321,0.239183,48.522624,1,0.1,0.2
Awake vs Sleep,100,5,0.2,SquaredError,28657,0.901865,0.715576,0.732102,0.723744,0.92918,0.238058,48.764744,1,0.1,0.2
Awake vs Sleep,100,5,0.3,SquaredError,28657,0.901865,0.715576,0.732102,0.723744,0.929257,0.239986,48.34969,1,0.1,0.2
Awake vs Sleep,100,5,0.1,SquaredError,1597,0.90146,0.716895,0.725173,0.72101,0.929067,0.234932,49.437559,1,0.1,0.2
Awake vs Sleep,100,5,0.2,SquaredError,1597,0.90146,0.714932,0.729792,0.722286,0.929186,0.23706,48.979629,1,0.1,0.2
Awake vs Sleep,100,5,0.1,CrossEntropy,233,0.90146,0.713004,0.734411,0.723549,0.928846,0.234536,49.522805,1,0.1,0.2
Awake vs Sleep,100,5,0.1,CrossEntropy,1597,0.901054,0.713318,0.729792,0.721461,0.928026,0.237864,48.806505,1,0.1,0.2
Awake vs Sleep,100,5,0.3,CrossEntropy,233,0.901054,0.687873,0.799076,0.739316,0.928381,0.237391,48.908309,1,0.1,0.2
Awake vs Sleep,100,5,0.05,CrossEntropy,233,0.901054,0.72028,0.713626,0.716937,0.929218,0.235586,49.296742,1,0.1,0.2
Awake vs Sleep,100,5,0.3,CrossEntropy,1597,0.901054,0.684932,0.808314,0.741525,0.928439,0.239308,48.495672,1,0.1,0.2
Awake vs Sleep,100,5,0.1,CrossEntropy,28657,0.901054,0.713318,0.729792,0.721461,0.927977,0.238028,48.771267,1,0.1,0.2
Awake vs Sleep,100,5,0.3,CrossEntropy,28657,0.901054,0.684932,0.808314,0.741525,0.928233,0.239355,48.485565,1,0.1,0.2
Awake vs Sleep,100,5,0.05,CrossEntropy,1597,0.900649,0.717593,0.715935,0.716763,0.928061,0.238306,48.711326,1,0.1,0.2
Awake vs Sleep,100,5,0.03,CrossEntropy,1597,0.900649,0.717593,0.715935,0.716763,0.928195,0.238252,48.722943,1,0.1,0.2
Awake vs Sleep,100,5,0.05,SquaredError,28657,0.900649,0.707965,0.73903,0.723164,0.929002,0.234413,49.549166,1,0.1,0.2
Awake vs Sleep,100,5,0.03,CrossEntropy,28657,0.900649,0.717593,0.715935,0.716763,0.927894,0.238621,48.64362,1,0.1,0.2
Awake vs Sleep,100,5,0.01,CrossEntropy,28657,0.900649,0.711712,0.729792,0.720639,0.928027,0.235388,49.3393,1,0.1,0.2
Awake vs Sleep,100,5,0.03,CrossEntropy,233,0.900243,0.725301,0.69515,0.709906,0.929701,0.237666,48.849061,1,0.1,0.2
Awake vs Sleep,100,5,0.03,SquaredError,233,0.900243,0.737913,0.669746,0.702179,0.93088,0.244049,47.475419,1,0.1,0.2
Awake vs Sleep,100,5,0.05,CrossEntropy,28657,0.900243,0.715935,0.715935,0.715935,0.927884,0.238705,48.625396,1,0.1,0.2
Awake vs Sleep,100,5,0.2,CrossEntropy,1597,0.899838,0.69375,0.769053,0.729463,0.927894,0.23812,48.751332,1,0.1,0.2
Awake vs Sleep,100,5,0.2,CrossEntropy,28657,0.899838,0.69375,0.769053,0.729463,0.928093,0.238173,48.740084,1,0.1,0.2
Awake vs Sleep,100,5,0.01,CrossEntropy,1597,0.899432,0.715618,0.709007,0.712297,0.928785,0.237213,48.946492,1,0.1,0.2
Awake vs Sleep,100,5,0.2,CrossEntropy,233,0.899027,0.694093,0.759815,0.725469,0.92845,0.235543,49.30609,1,0.1,0.2
Awake vs Sleep,100,5,0.01,CrossEntropy,233,0.899027,0.733503,0.667436,0.698912,0.930133,0.244383,47.403384,1,0.1,0.2
Awake vs Sleep,100,5,0.03,SquaredError,28657,0.899027,0.700873,0.741339,0.720539,0.929038,0.233639,49.715774,1,0.1,0.2
Awake vs Sleep,100,5,0.01,SquaredError,28657,0.898216,0.69697,0.743649,0.719553,0.929047,0.232914,49.871739,1,0.1,0.2
Awake vs Sleep,100,5,0.01,SquaredError,233,0.89781,0.741333,0.642032,0.688119,0.930544,0.259252,44.2033,1,0.1,0.2
Awake vs Sleep,100,5,0.05,SquaredError,28657,0.963504,0.925558,0.861432,0.892344,0.969277,0.217324,53.227127,5,0.1,0.2
Awake vs Sleep,100,5,0.03,SquaredError,28657,0.961071,0.942257,0.829099,0.882064,0.972334,0.253881,45.359362,5,0.1,0.2
Awake vs Sleep,100,5,0.1,SquaredError,1597,0.96026,0.926209,0.840647,0.881356,0.975963,0.176829,61.94247,5,0.1,0.2
Awake vs Sleep,100,5,0.01,SquaredError,28657,0.96026,0.926209,0.840647,0.881356,0.976663,0.176376,62.040069,5,0.1,0.2
Awake vs Sleep,100,5,0.05,SquaredError,1597,0.958232,0.955801,0.799076,0.87044,0.975162,0.144662,68.865579,5,0.1,0.2
Awake vs Sleep,100,5,0.01,CrossEntropy,28657,0.958232,0.902439,0.854503,0.877817,0.981855,0.170135,63.383318,5,0.1,0.2
Awake vs Sleep,100,5,0.3,CrossEntropy,1597,0.957826,0.920716,0.831409,0.873786,0.975818,0.175096,62.315435,5,0.1,0.2
Awake vs Sleep,100,5,0.1,SquaredError,28657,0.957826,0.900243,0.854503,0.876777,0.975214,0.234399,49.55232,5,0.1,0.2
Awake vs Sleep,100,5,0.03,CrossEntropy,28657,0.957826,0.900243,0.854503,0.876777,0.977043,0.162453,65.036518,5,0.1,0.2
Awake vs Sleep,100,5,0.3,SquaredError,28657,0.957015,0.882904,0.87067,0.876744,0.972311,0.283382,39.010102,5,0.1,0.2
Awake vs Sleep,100,5,0.3,CrossEntropy,28657,0.957015,0.911839,0.836028,0.872289,0.972836,0.196597,57.688053,5,0.1,0.2
Awake vs Sleep,100,5,0.1,CrossEntropy,28657,0.956204,0.911392,0.831409,0.869565,0.976259,0.161197,65.306826,5,0.1,0.2
Awake vs Sleep,100,5,0.3,CrossEntropy,233,0.955799,0.917526,0.822171,0.867235,0.976056,0.160993,65.350907,5,0.1,0.2
Awake vs Sleep,100,5,0.1,CrossEntropy,1597,0.955393,0.908861,0.829099,0.86715,0.97869,0.157401,66.123972,5,0.1,0.2
Awake vs Sleep,100,5,0.2,CrossEntropy,1597,0.955393,0.917313,0.819861,0.865854,0.976129,0.178939,61.488404,5,0.1,0.2
Awake vs Sleep,100,5,0.01,CrossEntropy,1597,0.952555,0.905128,0.815242,0.857837,0.97758,0.146597,68.449236,5,0.1,0.2
Awake vs Sleep,100,5,0.2,SquaredError,28657,0.952149,0.906977,0.810624,0.856098,0.966213,0.507777,-9.284679,5,0.1,0.2
Awake vs Sleep,100,5,0.1,CrossEntropy,233,0.951744,0.902564,0.812933,0.855407,0.976791,0.152734,67.128384,5,0.1,0.2
Awake vs Sleep,100,5,0.05,CrossEntropy,1597,0.951744,0.896465,0.819861,0.856454,0.977022,0.166359,64.196003,5,0.1,0.2
Awake vs Sleep,100,5,0.03,CrossEntropy,1597,0.951338,0.888337,0.82679,0.856459,0.977677,0.163987,64.706409,5,0.1,0.2
Awake vs Sleep,100,5,0.2,CrossEntropy,28657,0.951338,0.902314,0.810624,0.854015,0.972341,0.184202,60.355756,5,0.1,0.2
Awake vs Sleep,100,5,0.2,CrossEntropy,233,0.950527,0.899743,0.808314,0.851582,0.976428,0.156737,66.266726,5,0.1,0.2
Awake vs Sleep,100,5,0.3,SquaredError,1597,0.950122,0.918919,0.785219,0.846824,0.961189,0.20216,56.490716,5,0.1,0.2
Awake vs Sleep,100,5,0.05,CrossEntropy,28657,0.949716,0.883375,0.822171,0.851675,0.974287,0.168509,63.733144,5,0.1,0.2
Awake vs Sleep,100,5,0.2,SquaredError,1597,0.9485,0.913514,0.7806,0.841843,0.962173,0.219597,52.737889,5,0.1,0.2
Awake vs Sleep,100,5,0.3,SquaredError,233,0.944039,0.871537,0.799076,0.833735,0.962426,0.189442,59.228042,5,0.1,0.2
Awake vs Sleep,100,5,0.05,CrossEntropy,233,0.942822,0.901099,0.757506,0.823087,0.971558,0.165724,64.332691,5,0.1,0.2
Awake vs Sleep,100,5,0.2,SquaredError,233,0.939984,0.872063,0.771363,0.818627,0.961982,0.189322,59.253871,5,0.1,0.2
Awake vs Sleep,100,5,0.03,SquaredError,1597,0.935929,0.868633,0.748268,0.80397,0.961365,0.187369,59.674015,5,0.1,0.2
Awake vs Sleep,100,5,0.01,SquaredError,1597,0.931873,0.869081,0.720554,0.787879,0.957969,0.192534,58.562554,5,0.1,0.2
Awake vs Sleep,100,5,0.03,CrossEntropy,233,0.930251,0.873926,0.704388,0.780051,0.962162,0.184534,60.284192,5,0.1,0.2
Awake vs Sleep,100,5,0.1,SquaredError,233,0.929846,0.843915,0.736721,0.786683,0.959536,0.188685,59.390859,5,0.1,0.2
Awake vs Sleep,100,5,0.05,SquaredError,233,0.928224,0.855556,0.711316,0.776797,0.956574,0.192494,58.571175,5,0.1,0.2
Awake vs Sleep,100,5,0.01,CrossEntropy,233,0.922952,0.862687,0.667436,0.752604,0.954489,0.20197,56.531718,5,0.1,0.2
Awake vs Sleep,100,5,0.03,SquaredError,233,0.906732,0.785915,0.644342,0.708122,0.94036,0.238838,48.596815,5,0.1,0.2
Awake vs Sleep,100,5,0.01,SquaredError,233,0.895783,0.743094,0.621247,0.67673,0.930586,0.295729,36.35258,5,0.1,0.2
Awake vs Sleep,100,5,0.05,SquaredError,28657,0.962693,0.938303,0.842956,0.888078,0.97539,0.165961,64.281681,5,0.01,0.2
Awake vs Sleep,100,5,0.01,SquaredError,28657,0.960665,0.922111,0.847575,0.883273,0.976699,0.177836,61.725729,5,0.01,0.2
Awake vs Sleep,100,5,0.05,SquaredError,1597,0.958232,0.95082,0.803695,0.871089,0.975166,0.144484,68.903985,5,0.01,0.2
Awake vs Sleep,100,5,0.2,CrossEntropy,1597,0.958232,0.925258,0.829099,0.874543,0.976735,0.169032,63.620698,5,0.01,0.2
Awake vs Sleep,100,5,0.03,SquaredError,28657,0.958232,0.929688,0.82448,0.873929,0.974847,0.166733,64.115325,5,0.01,0.2
Awake vs Sleep,100,5,0.3,CrossEntropy,28657,0.95661,0.903465,0.842956,0.872162,0.971176,0.195017,58.02806,5,0.01,0.2
Awake vs Sleep,100,5,0.3,CrossEntropy,1597,0.956204,0.92876,0.812933,0.866995,0.974973,0.180574,61.136593,5,0.01,0.2
Awake vs Sleep,100,5,0.3,CrossEntropy,233,0.955799,0.917526,0.822171,0.867235,0.976149,0.160899,65.371108,5,0.01,0.2
Awake vs Sleep,100,5,0.05,CrossEntropy,28657,0.955799,0.915385,0.82448,0.867558,0.982114,0.154628,66.720697,5,0.01,0.2
Awake vs Sleep,100,5,0.03,CrossEntropy,28657,0.955799,0.895122,0.847575,0.8707,0.982816,0.154118,66.830375,5,0.01,0.2
Awake vs Sleep,100,5,0.1,CrossEntropy,28657,0.955799,0.897059,0.845266,0.870392,0.973517,0.174661,62.409058,5,0.01,0.2
Awake vs Sleep,100,5,0.01,CrossEntropy,28657,0.954988,0.883333,0.856813,0.869871,0.978053,0.160107,65.541413,5,0.01,0.2
Awake vs Sleep,100,5,0.1,CrossEntropy,1597,0.954582,0.910486,0.822171,0.864078,0.97866,0.157513,66.099775,5,0.01,0.2
Awake vs Sleep,100,5,0.01,CrossEntropy,1597,0.954582,0.902256,0.831409,0.865385,0.978636,0.148207,68.102526,5,0.01,0.2
Awake vs Sleep,100,5,0.2,CrossEntropy,233,0.954177,0.914508,0.815242,0.862027,0.976764,0.160627,65.42964,5,0.01,0.2
Awake vs Sleep,100,5,0.3,SquaredError,28657,0.95296,0.91601,0.806005,0.857494,0.96037,0.246394,46.970649,5,0.01,0.2
Awake vs Sleep,100,5,0.03,CrossEntropy,1597,0.951744,0.890547,0.82679,0.857485,0.977693,0.162882,64.944316,5,0.01,0.2
Awake vs Sleep,100,5,0.05,CrossEntropy,1597,0.951338,0.896203,0.817552,0.855072,0.97722,0.16638,64.191302,5,0.01,0.2
Awake vs Sleep,100,5,0.2,CrossEntropy,28657,0.951338,0.902314,0.810624,0.854015,0.972548,0.180947,61.056168,5,0.01,0.2
Awake vs Sleep,100,5,0.2,SquaredError,28657,0.951338,0.904393,0.808314,0.853659,0.963422,0.17926,61.419411,5,0.01,0.2
Awake vs Sleep,100,5,0.1,SquaredError,28657,0.950933,0.902062,0.808314,0.852619,0.95399,0.23517,49.386265,5,0.01,0.2
Awake vs Sleep,100,5,0.2,SquaredError,1597,0.950122,0.916667,0.787529,0.847205,0.962553,0.220861,52.465807,5,0.01,0.2
Awake vs Sleep,100,5,0.01,SquaredError,1597,0.949716,0.927978,0.773672,0.843829,0.971689,0.154106,66.832945,5,0.01,0.2
Awake vs Sleep,100,5,0.1,SquaredError,1597,0.948905,0.894602,0.803695,0.846715,0.964292,0.191966,58.684741,5,0.01,0.2
Awake vs Sleep,100,5,0.05,CrossEntropy,233,0.947283,0.915068,0.771363,0.837093,0.97423,0.156962,66.218384,5,0.01,0.2
Awake vs Sleep,100,5,0.3,SquaredError,1597,0.945255,0.870647,0.808314,0.838323,0.962296,0.20599,55.666391,5,0.01,0.2
Awake vs Sleep,100,5,0.1,CrossEntropy,233,0.939578,0.903409,0.734411,0.810191,0.970154,0.172126,62.954749,5,0.01,0.2
Awake vs Sleep,100,5,0.3,SquaredError,233,0.938767,0.8525,0.787529,0.818727,0.960475,0.194281,58.186509,5,0.01,0.2
Awake vs Sleep,100,5,0.2,SquaredError,233,0.937551,0.858612,0.771363,0.812652,0.961066,0.189976,59.113012,5,0.01,0.2
Awake vs Sleep,100,5,0.03,SquaredError,1597,0.935929,0.87062,0.745958,0.803483,0.96055,0.190232,59.057968,5,0.01,0.2
Awake vs Sleep,100,5,0.03,CrossEntropy,233,0.930251,0.873926,0.704388,0.780051,0.961597,0.185995,59.969718,5,0.01,0.2
Awake vs Sleep,100,5,0.1,SquaredError,233,0.927818,0.831169,0.73903,0.782396,0.957948,0.190584,58.982138,5,0.01,0.2
Awake vs Sleep,100,5,0.05,SquaredError,233,0.926602,0.855932,0.699769,0.770013,0.955315,0.195836,57.851844,5,0.01,0.2
Awake vs Sleep,100,5,0.01,CrossEntropy,233,0.922141,0.859701,0.665127,0.75,0.953477,0.203137,56.280489,5,0.01,0.2
Awake vs Sleep,100,5,0.03,SquaredError,233,0.905921,0.787966,0.635104,0.703325,0.939299,0.242159,47.882161,5,0.01,0.2
Awake vs Sleep,100,5,0.01,SquaredError,233,0.896188,0.743802,0.623557,0.678392,0.930472,0.293123,36.913504,5,0.01,0.2
Awake vs Sleep,100,5,0.05,CrossEntropy,28657,0.966748,0.937656,0.86836,0.901679,0.977598,0.268127,42.293194,10,0.01,0.2
Awake vs Sleep,100,5,0.1,CrossEntropy,28657,0.966748,0.93985,0.866051,0.901442,0.983431,0.188089,59.519044,10,0.01,0.2
Awake vs Sleep,100,5,0.03,CrossEntropy,28657,0.965531,0.926471,0.872979,0.89893,0.983355,0.168491,63.737077,10,0.01,0.2
Awake vs Sleep,100,5,0.2,SquaredError,28657,0.963909,0.945596,0.842956,0.891331,0.977399,0.243356,47.6245,10,0.01,0.2
Awake vs Sleep,100,5,0.3,SquaredError,1597,0.963504,0.957333,0.829099,0.888614,0.974211,0.192096,58.656741,10,0.01,0.2
Awake vs Sleep,100,5,0.2,SquaredError,1597,0.963098,0.945313,0.838337,0.888617,0.976082,0.148627,68.012141,10,0.01,0.2
Awake vs Sleep,100,5,0.03,SquaredError,28657,0.963098,0.936224,0.847575,0.889697,0.97468,0.209902,54.824571,10,0.01,0.2
Awake vs Sleep,100,5,0.05,SquaredError,28657,0.962287,0.938144,0.840647,0.886724,0.975799,0.181167,61.008855,10,0.01,0.2
Awake vs Sleep,100,5,0.01,SquaredError,28657,0.961882,0.94026,0.836028,0.885086,0.976937,0.134616,71.027637,10,0.01,0.2
Awake vs Sleep,100,5,0.01,CrossEntropy,28657,0.961882,0.922693,0.854503,0.88729,0.985101,0.14649,68.472078,10,0.01,0.2
Awake vs Sleep,100,5,0.1,CrossEntropy,1597,0.961071,0.94695,0.82448,0.881481,0.98149,0.144461,68.908951,10,0.01,0.2
Awake vs Sleep,100,5,0.05,CrossEntropy,1597,0.96026,0.930591,0.836028,0.880779,0.98422,0.136736,70.571456,10,0.01,0.2
Awake vs Sleep,100,5,0.1,SquaredError,28657,0.96026,0.941953,0.82448,0.87931,0.978542,0.191849,58.709816,10,0.01,0.2
Awake vs Sleep,100,5,0.1,SquaredError,1597,0.959043,0.946237,0.812933,0.874534,0.975113,0.16638,64.19144,10,0.01,0.2
Awake vs Sleep,100,5,0.2,CrossEntropy,1597,0.959043,0.941489,0.817552,0.875155,0.979395,0.154428,66.76377,10,0.01,0.2
Awake vs Sleep,100,5,0.3,SquaredError,28657,0.958637,0.9437,0.812933,0.873449,0.95307,0.518061,-11.498067,10,0.01,0.2
Awake vs Sleep,100,5,0.03,SquaredError,1597,0.958232,0.953297,0.801386,0.870765,0.976062,0.152237,67.235229,10,0.01,0.2
Awake vs Sleep,100,5,0.05,SquaredError,1597,0.958232,0.93883,0.815242,0.872682,0.978449,0.144736,68.849636,10,0.01,0.2
Awake vs Sleep,100,5,0.2,CrossEntropy,28657,0.958232,0.902439,0.854503,0.877817,0.981598,0.201981,56.529395,10,0.01,0.2
Awake vs Sleep,100,5,0.3,CrossEntropy,233,0.957826,0.925065,0.82679,0.873171,0.978558,0.148524,68.034394,10,0.01,0.2
Awake vs Sleep,100,5,0.3,CrossEntropy,28657,0.957826,0.93634,0.815242,0.871605,0.977916,0.169243,63.575134,10,0.01,0.2
Awake vs Sleep,100,5,0.3,CrossEntropy,1597,0.957421,0.916244,0.833718,0.873035,0.980512,0.145383,68.710355,10,0.01,0.2
Awake vs Sleep,100,5,0.1,CrossEntropy,233,0.955799,0.928571,0.810624,0.865598,0.978774,0.151731,67.344277,10,0.01,0.2
Awake vs Sleep,100,5,0.1,SquaredError,233,0.955393,0.952381,0.785219,0.860759,0.973364,0.151364,67.423163,10,0.01,0.2
Awake vs Sleep,100,5,0.01,CrossEntropy,1597,0.954582,0.939726,0.792148,0.859649,0.978127,0.154678,66.709955,10,0.01,0.2
Awake vs Sleep,100,5,0.2,CrossEntropy,233,0.954177,0.910256,0.819861,0.862697,0.978167,0.152417,67.19661,10,0.01,0.2
Awake vs Sleep,100,5,0.03,CrossEntropy,1597,0.954177,0.944444,0.785219,0.857503,0.97786,0.166732,64.115626,10,0.01,0.2
Awake vs Sleep,100,5,0.05,CrossEntropy,233,0.953771,0.949296,0.778291,0.85533,0.975987,0.142942,69.235806,10,0.01,0.2
Awake vs Sleep,100,5,0.01,SquaredError,1597,0.952149,0.936288,0.7806,0.851385,0.972696,0.145988,68.580153,10,0.01,0.2
Awake vs Sleep,100,5,0.05,SquaredError,233,0.942417,0.89863,0.757506,0.822055,0.967639,0.172229,62.932573,10,0.01,0.2
Awake vs Sleep,100,5,0.3,SquaredError,233,0.937551,0.858612,0.771363,0.812652,0.961429,0.193177,58.424189,10,0.01,0.2
Awake vs Sleep,100,5,0.2,SquaredError,233,0.936334,0.852041,0.771363,0.809697,0.962035,0.189619,59.18982,10,0.01,0.2
Awake vs Sleep,100,5,0.03,CrossEntropy,233,0.931062,0.878963,0.704388,0.782051,0.961332,0.186213,59.922894,10,0.01,0.2
Awake vs Sleep,100,5,0.01,CrossEntropy,233,0.930251,0.880466,0.69746,0.778351,0.960614,0.185047,60.173829,10,0.01,0.2
Awake vs Sleep,100,5,0.03,SquaredError,233,0.902271,0.775862,0.623557,0.691421,0.935375,0.269316,42.037404,10,0.01,0.2
Awake vs Sleep,100,5,0.01,SquaredError,233,0.895783,0.741758,0.623557,0.677541,0.930511,0.292584,37.029514,10,0.01,0.2
Awake vs Sleep,100,5,0.3,SquaredError,28657,0.969181,0.932203,0.889145,0.910165,0.981222,0.270925,41.691057,50,0.01,0.2
Awake vs Sleep,100,5,0.05,SquaredError,28657,0.967964,0.965789,0.847575,0.902829,0.972821,0.241406,48.044203,50,0.01,0.2
Awake vs Sleep,100,5,0.01,CrossEntropy,28657,0.967153,0.944444,0.863741,0.902292,0.983332,0.16744,63.96334,50,0.01,0.2
Awake vs Sleep,100,5,0.05,CrossEntropy,1597,0.966748,0.963061,0.842956,0.899015,0.986193,0.126926,72.682681,50,0.01,0.2
Awake vs Sleep,100,5,0.2,SquaredError,28657,0.966342,0.9375,0.866051,0.90036,0.978574,0.325421,29.962263,50,0.01,0.2
Awake vs Sleep,100,5,0.01,SquaredError,28657,0.965937,0.958005,0.842956,0.896806,0.979946,0.154215,66.809507,50,0.01,0.2
Awake vs Sleep,100,5,0.2,SquaredError,1597,0.964315,0.938931,0.852194,0.893462,0.980562,0.134311,71.093432,50,0.01,0.2
Awake vs Sleep,100,5,0.3,CrossEntropy,28657,0.964315,0.934509,0.856813,0.893976,0.980568,0.17061,63.281088,50,0.01,0.2
Awake vs Sleep,100,5,0.03,SquaredError,28657,0.964315,0.934509,0.856813,0.893976,0.979355,0.185516,60.07288,50,0.01,0.2
Awake vs Sleep,100,5,0.1,CrossEntropy,28657,0.963909,0.936548,0.852194,0.892382,0.980245,0.205664,55.736682,50,0.01,0.2
Awake vs Sleep,100,5,0.05,CrossEntropy,28657,0.963504,0.940874,0.845266,0.890511,0.980281,0.286467,38.345999,50,0.01,0.2
Awake vs Sleep,100,5,0.1,SquaredError,28657,0.963504,0.927681,0.859122,0.892086,0.975537,0.292067,37.140921,50,0.01,0.2
Awake vs Sleep,100,5,0.2,CrossEntropy,28657,0.962287,0.954545,0.82448,0.884758,0.979421,0.176224,62.072725,50,0.01,0.2
Awake vs Sleep,100,5,0.1,CrossEntropy,1597,0.961071,0.959128,0.812933,0.88,0.982743,0.138995,70.085356,50,0.01,0.2
Awake vs Sleep,100,5,0.03,CrossEntropy,1597,0.961071,0.969359,0.803695,0.878788,0.983174,0.147147,68.330699,50,0.01,0.2
Awake vs Sleep,100,5,0.2,CrossEntropy,1597,0.960665,0.954054,0.815242,0.879203,0.979846,0.131784,71.637186,50,0.01,0.2
Awake vs Sleep,100,5,0.03,CrossEntropy,28657,0.960665,0.907767,0.863741,0.885207,0.981365,0.250366,46.115703,50,0.01,0.2
Awake vs Sleep,100,5,0.03,SquaredError,1597,0.96026,0.958904,0.808314,0.877193,0.97855,0.143281,69.162774,50,0.01,0.2
Awake vs Sleep,100,5,0.3,SquaredError,1597,0.96026,0.956403,0.810624,0.8775,0.970525,0.183562,60.49347,50,0.01,0.2
Awake vs Sleep,100,5,0.05,SquaredError,1597,0.958637,0.950954,0.806005,0.8725,0.979157,0.135838,70.764654,50,0.01,0.2
Awake vs Sleep,100,5,0.3,CrossEntropy,1597,0.958637,0.934383,0.822171,0.874693,0.980632,0.139479,69.980981,50,0.01,0.2
Awake vs Sleep,100,5,0.1,SquaredError,1597,0.957826,0.968661,0.785219,0.867347,0.973829,0.167582,63.932785,50,0.01,0.2
Awake vs Sleep,100,5,0.3,CrossEntropy,233,0.954988,0.965318,0.771363,0.85751,0.976685,0.154694,66.706462,50,0.01,0.2
Awake vs Sleep,100,5,0.01,CrossEntropy,1597,0.954988,0.957386,0.778291,0.858599,0.979226,0.144924,68.809229,50,0.01,0.2
Awake vs Sleep,100,5,0.2,CrossEntropy,233,0.95296,0.970326,0.755196,0.849351,0.97832,0.152623,67.152308,50,0.01,0.2
Awake vs Sleep,100,5,0.05,CrossEntropy,233,0.95296,0.956772,0.766744,0.851282,0.977576,0.145395,68.707879,50,0.01,0.2
Awake vs Sleep,100,5,0.1,CrossEntropy,233,0.950933,0.967066,0.745958,0.842243,0.97327,0.17025,63.358506,50,0.01,0.2
Awake vs Sleep,100,5,0.3,SquaredError,233,0.950527,0.899743,0.808314,0.851582,0.965443,0.182616,60.697028,50,0.01,0.2
Awake vs Sleep,100,5,0.03,CrossEntropy,233,0.950122,0.918919,0.785219,0.846824,0.975087,0.145568,68.670517,50,0.01,0.2
Awake vs Sleep,100,5,0.2,SquaredError,233,0.949716,0.907652,0.794457,0.847291,0.967163,0.184623,60.265172,50,0.01,0.2
Awake vs Sleep,100,5,0.1,SquaredError,233,0.9485,0.925,0.769053,0.839849,0.971254,0.156843,66.244028,50,0.01,0.2
Awake vs Sleep,100,5,0.01,SquaredError,1597,0.946067,0.907609,0.771363,0.833958,0.967971,0.174385,62.468454,50,0.01,0.2
Awake vs Sleep,100,5,0.05,SquaredError,233,0.940389,0.895028,0.748268,0.815094,0.967164,0.168749,63.681434,50,0.01,0.2
Awake vs Sleep,100,5,0.01,CrossEntropy,233,0.927007,0.866667,0.690531,0.768638,0.95642,0.197876,57.412787,50,0.01,0.2
Awake vs Sleep,100,5,0.03,SquaredError,233,0.903487,0.785924,0.618938,0.692506,0.93771,0.307793,33.756304,50,0.01,0.2
Awake vs Sleep,100,5,0.01,SquaredError,233,0.896594,0.754286,0.6097,0.67433,0.930923,0.376949,18.872453,50,0.01,0.2